column,column_silver,qid,qname_base,match_method,sub_item,question,parent_question,qtype,selector,force_resp,is_multiselect,value_kind,n_answered,pct_answered,n_distinct,n_options,options,notes
ResponseId,ResponseId,,,unmatched,,,,,,,N,numeric,65437,100.0,65437,65437,,"응답자 고유 식별자. 설문 문항 아님(SO 부여). 순차 정수, 중복 없음."
MainBranch,MainBranch,QID2,MainBranch,exact,,"Which of the following options best describes you today? For the purpose of this survey, a developer is ""someone who writes code"".*",,MC,SAVR,TRUE,N,categorical,65437,100.0,5,5,"[""I am a developer by profession"", ""I am not primarily a developer, but I write code sometimes as part of my work/studies"", ""I am learning to code"", ""I code primarily as a hobby"", ""I used to be a developer by profession, but no longer am""]",
Age,Age,QID127,Age,exact,,What is your age?*,,MC,SAVR,TRUE,N,categorical,65437,100.0,8,8,"[""25-34 years old"", ""35-44 years old"", ""18-24 years old"", ""45-54 years old"", ""55-64 years old"", ""Under 18 years old"", ""65 years or older"", ""Prefer not to say""]",
Employment,Employment,QID296,Employment,exact,,Which of the following best describes your current employment status? Select all that apply.*,,MC,MAVR,TRUE,Y,multiselect,65437,100.0,110,9,"[""Employed, full-time"", ""Independent contractor, freelancer, or self-employed"", ""Student, full-time"", ""Employed, part-time"", ""Not employed, but looking for work"", ""Student, part-time"", ""Not employed, and not looking for work"", ""Retired"", ""I prefer not to say""]",
RemoteWork,RemoteWork,QID308,RemoteWork,exact,,Which best describes your current work situation?,,MC,SAVR,FALSE,N,categorical,54806,83.8,3,3,"[""Hybrid (some remote, some in-person)"", ""Remote"", ""In-person""]",
Check,(드롭됨),QID341,Check,exact,,Just checking to make sure you are paying attention to the survey questions. Select ‘Apples’ from the list and you can get back to the survey.*<br><br>,,MC,SAVR,TRUE,N,categorical,65437,100.0,1,1,"[""Apples""]","⚠️ 상수 컬럼(고유값 1개) — 정보량 0, 드롭 권장."
CodingActivities,CodingActivities,QID297,CodingActivities,exact,,Which of the following best describes the code you write outside of work? Select all that apply.,,MC,MAVR,FALSE,Y,multiselect,54466,83.2,118,8,"[""Hobby"", ""Professional development or self-paced learning from online courses"", ""Contribute to open-source projects"", ""Freelance/contract work"", ""Bootstrapping a business"", ""School or academic work"", ""I don’t code outside of work"", ""Other (please specify):""]",
EdLevel,EdLevel,QID25,EdLevel,exact,,Which of the following best describes the highest level of formal education that you’ve completed? *,,MC,SAVR,TRUE,N,categorical,60784,92.9,8,8,"[""Bachelor’s degree (B.A., B.S., B.Eng., etc.)"", ""Master’s degree (M.A., M.S., M.Eng., MBA, etc.)"", ""Some college/university study without earning a degree"", ""Secondary school (e.g. American high school, German Realschule or Gymnasium, etc.)"", ""Professional degree (JD, MD, Ph.D, Ed.D, etc.)"", ""Associate degree (A.A., A.S., etc.)"", ""Primary/elementary school"", ""Something else""]",
LearnCode,LearnCode,QID276,LearnCode,exact,,How do you learn to code? Select all that apply.,,MC,MAVR,FALSE,Y,multiselect,60488,92.4,418,9,"[""Other online resources (e.g., videos, blogs, forum, online community)"", ""Books / Physical media"", ""Online Courses or Certification"", ""School (i.e., University, College, etc)"", ""On the job training"", ""Colleague"", ""Coding Bootcamp"", ""Friend or family member"", ""Other (please specify):""]",
LearnCodeOnline,LearnCodeOnline,QID281,LearnCodeOnline,exact,,What online resources do you use to learn to code? Select all that apply.,,MC,MAVR,FALSE,Y,multiselect,49237,75.2,10853,17,"[""Technical documentation"", ""Stack Overflow"", ""Written Tutorials"", ""Blogs"", ""How-to videos"", ""Video-based Online Courses"", ""Books"", ""Social Media"", ""AI"", ""Written-based Online Courses"", ""Interactive tutorial"", ""Online challenges (e.g., daily or weekly coding challenges)"", ""Coding sessions (live or recorded)"", ""Certification videos"", ""Auditory material (e.g., podcasts)"", ""Programming Games"", ""Other (Please specify):""]",
TechDoc,TechDoc,QID331,TechDoc,exact,,What is the source of the technical documentation you use most often to learn to code?  Select all that apply.,,MC,MAVR,FALSE,Y,multiselect,40897,62.5,113,7,"[""API document(s) and/or SDK document(s)"", ""User guides or README files found in the source repository"", ""Traditional public search engine"", ""First-party knowledge base"", ""AI-powered search/dev tool (free)"", ""AI-powered search/dev tool (paid)"", ""Other (please specify):""]",
YearsCode,YearsCode,QID32,YearsCode,exact,,"Including any education, how many years have you been coding in total?",,MC,DL,FALSE,N,numeric_with_sentinels,59869,91.5,52,52,"[""10"", ""5"", ""6"", ""8"", ""7"", ""4"", ""15"", ""20"", ""12"", ""3"", ""9"", ""14"", ""25"", ""2"", ""11"", ""13"", ""30"", ""16"", ""18"", ""17"", ""40"", ""24"", ""22"", ""35"", ""1"", ""23"", ""26"", ""Less than 1 year"", ""19"", ""21"", ""28"", ""27"", ""32"", ""34"", ""42"", ""38"", ""29"", ""45"", ""More than 50 years"", ""36"", ""33"", ""37"", ""44"", ""43"", ""41"", ""31"", ""39"", ""46"", ""50"", ""48"", ""47"", ""49""]",숫자 캐스팅 전 텍스트 처리 필요: Less than 1 year / More than 50 years
YearsCodePro,YearsCodePro,QID34,YearsCodePro,exact,,"NOT including education, how many years have you coded professionally (as a part of your work)?",,MC,DL,FALSE,N,numeric_with_sentinels,51610,78.9,52,52,"[""2"", ""3"", ""5"", ""10"", ""4"", ""Less than 1 year"", ""6"", ""1"", ""8"", ""7"", ""12"", ""15"", ""20"", ""9"", ""11"", ""13"", ""14"", ""25"", ""16"", ""18"", ""17"", ""30"", ""24"", ""19"", ""22"", ""23"", ""26"", ""27"", ""21"", ""28"", ""35"", ""29"", ""32"", ""40"", ""34"", ""38"", ""33"", ""36"", ""31"", ""37"", ""45"", ""42"", ""39"", ""41"", ""More than 50 years"", ""44"", ""43"", ""46"", ""48"", ""50"", ""49"", ""47""]",숫자 캐스팅 전 텍스트 처리 필요: Less than 1 year / More than 50 years
DevType,DevType,QID31,DevType,exact,,"Which of the following describes your current job, the one you do most of the time? Please select only one.",,MC,SAVR,FALSE,N,categorical,59445,90.8,34,34,"[""Developer, full-stack"", ""Developer, back-end"", ""Student"", ""Developer, front-end"", ""Developer, desktop or enterprise applications"", ""Other (please specify):"", ""Developer, mobile"", ""Developer, embedded applications or devices"", ""Engineering manager"", ""Academic researcher"", ""Data engineer"", ""Data scientist or machine learning specialist"", ""DevOps specialist"", ""Research & Development role"", ""Senior Executive (C-Suite, VP, etc.)"", ""Developer, game or graphics"", ""Cloud infrastructure engineer"", ""System administrator"", ""Developer, AI"", ""Developer, QA or test"", ""Data or business analyst"", ""Project manager"", ""Security professional"", ""Educator"", ""Scientist"", ""Engineer, site reliability"", ""Product manager"", ""Blockchain"", ""Developer Experience"", ""Hardware Engineer"", ""Designer"", ""Database administrator"", ""Developer Advocate"", ""Marketing or sales professional""]",
OrgSize,OrgSize,QID29,OrgSize,exact,,"Approximately how many people are employed by the company or organization you currently work for?  This should only include your primary company, and not the entire holding or parent company if that applies.",,MC,SAVR,FALSE,N,categorical,47480,72.6,10,10,"[""20 to 99 employees"", ""100 to 499 employees"", ""10,000 or more employees"", ""1,000 to 4,999 employees"", ""2 to 9 employees"", ""10 to 19 employees"", ""500 to 999 employees"", ""Just me - I am a freelancer, sole proprietor, etc."", ""5,000 to 9,999 employees"", ""I don’t know""]",
PurchaseInfluence,PurchaseInfluence,QID278,PurchaseInfluence,exact,,"What level of influence do you, personally, have over new technology purchases at your organization?",,MC,SAVR,FALSE,N,categorical,47406,72.4,3,3,"[""I have some influence"", ""I have little or no influence"", ""I have a great deal of influence""]",
BuyNewTool,BuyNewTool,QID279,BuyNewTool,exact,,"When buying a new tool or software, how do you discover and research available solutions? Select all that apply.",,MC,MAVR,FALSE,Y,multiselect,45181,69.0,215,8,"[""Start a free trial"", ""Ask developers I know/work with"", ""Visit developer communities like Stack Overflow"", ""Read ratings or reviews on third party sites like G2 Crowd"", ""Ask a generative AI tool"", ""Research companies that have advertised on sites I visit"", ""Other (please specify):"", ""Research companies that have emailed me""]",
BuildvsBuy,BuildvsBuy,QID330,BuildvsBuy,exact,,"When asked to provide a recommendation for solving a problem at work with a new tool or software, what has been your most recent choice of the following?",,MC,SAVR,FALSE,N,categorical,43358,66.3,3,3,"[""Is ready-to-go but also customizable for growth and targeted use cases"", ""Is set up to be customized and needs to be engineered into a usable product"", ""Out-of-the-box is ready to go with little need for customization""]",
TechEndorse,TechEndorse,QID335,TechEndorse,exact,,What product feature do you care about most when endorsing a technology purchase? Select all that apply.,,MC,MAVR,FALSE,Y,multiselect,43668,66.7,386,9,"[""APIs"", ""Reputation for quality and excellence"", ""Customization"", ""Connected to an open source project"", ""Integrated developer community"", ""Frequent updates to features"", ""Quality support system"", ""AI tool integration"", ""Other:""]",
Country,Country,QID6,Country,exact,,"Where do you live? <span style=""font-weight: bolder;"">*</span>",,MC,DL,TRUE,N,categorical,58930,90.1,185,185,"[""United States of America"", ""Germany"", ""India"", ""United Kingdom of Great Britain and Northern Ireland"", ""Ukraine"", ""France"", ""Canada"", ""Poland"", ""Netherlands"", ""Brazil"", ""Italy"", ""Australia"", ""Spain"", ""Sweden"", ""Russian Federation"", ""Switzerland"", ""Austria"", ""Czech Republic"", ""Israel"", ""Turkey"", ""Belgium"", ""Denmark"", ""Portugal"", ""Norway"", ""Romania"", ""Pakistan"", ""Iran, Islamic Republic of..."", ""China"", ""Mexico"", ""New Zealand"", ""Hungary"", ""Greece"", ""Finland"", ""South Africa"", ""Indonesia"", ""Argentina"", ""Bangladesh"", ""Bulgaria"", ""Nigeria"", ""Viet Nam"", ""Japan"", ""Ireland"", ""Taiwan"", ""Egypt"", ""Slovakia"", ""Serbia"", ""Colombia"", ""Philippines"", ""Croatia"", ""Lithuania"", ""Kenya"", ""Singapore"", ""Sri Lanka"", ""Malaysia"", ""Thailand"", ""South Korea"", ""Hong Kong (S.A.R.)"", ""Slovenia"", ""Nepal"", ""Chile"", ""United Arab Emirates"", ""Latvia"", ""Estonia"", ""Morocco"", ""Belarus"", ""Georgia"", ""Uruguay"", ""Kazakhstan"", ""Algeria"", ""Peru"", ""Tunisia"", ""Ghana"", ""Venezuela, Bolivarian Republic of..."", ""Cyprus"", ""Uzbekistan"", ""Bosnia and Herzegovina"", ""Ethiopia"", ""Armenia"", ""Republic of Korea"", ""Saudi Arabia"", ""Afghanistan"", ""Costa Rica"", ""Ecuador"", ""Albania"", ""Dominican Republic"", ""Lebanon"", ""Kyrgyzstan"", ""Iraq"", ""Nomadic"", ""Guatemala"", ""Jordan"", ""Luxembourg"", ""Uganda"", ""Paraguay"", ""Republic of Moldova"", ""Republic of North Macedonia"", ""Bolivia"", ""Iceland"", ""Cameroon"", ""Syrian Arab Republic"", ""Malta"", ""United Republic of Tanzania"", ""Azerbaijan"", ""Montenegro"", ""Zimbabwe"", ""Cuba"", ""Cambodia"", ""Rwanda"", ""Myanmar"", ""Nicaragua"", ""Angola"", ""El Salvador"", ""Kosovo"", ""Panama"", ""Yemen"", ""Honduras"", ""Maldives"", ""Palestine"", ""Mauritius"", ""Andorra"", ""Qatar"", ""Zambia"", ""Madagascar"", ""Côte d'Ivoire"", ""Isle of Man"", ""Malawi"", ""Turkmenistan"", ""Benin"", ""Bahrain"", ""Jamaica"", ""Mongolia"", ""Somalia"", ""Senegal"", ""Togo"", ""Trinidad and Tobago"", ""Congo, Republic of the..."", ""Oman"", ""Kuwait"", ""Tajikistan"", ""Sudan"", ""Mozambique"", ""Barbados"", ""Namibia"", ""Mauritania"", ""Suriname"", ""Cape Verde"", ""Botswana"", ""Antigua and Barbuda"", ""Fiji"", ""Lao People's Democratic Republic"", ""Gabon"", ""Swaziland"", ""Bahamas"", ""Liechtenstein"", ""Burkina Faso"", ""Liberia"", ""Libyan Arab Jamahiriya"", ""Bhutan"", ""Monaco"", ""North Korea"", ""Sierra Leone"", ""Democratic Republic of the Congo"", ""Burundi"", ""Brunei Darussalam"", ""Guyana"", ""San Marino"", ""Guinea-Bissau"", ""Democratic People's Republic of Korea"", ""Mali"", ""Belize"", ""Dominica"", ""Chad"", ""Equatorial Guinea"", ""Papua New Guinea"", ""Central African Republic"", ""Niger"", ""Haiti"", ""Solomon Islands"", ""Lesotho"", ""Saint Kitts and Nevis"", ""Micronesia, Federated States of..."", ""Nauru"", ""Samoa"", ""Guinea"", ""Djibouti""]",
Currency,(드롭됨),QID50,Currency,exact,,"Which currency do you use day-to-day? If your answer is complicated, please pick the one you're most comfortable estimating in. *",,MC,DL,TRUE,N,categorical,46684,71.3,142,142,"[""EUR European Euro"", ""USD\tUnited States dollar"", ""INR\tIndian rupee"", ""GBP\tPound sterling"", ""CAD\tCanadian dollar"", ""UAH\tUkrainian hryvnia"", ""PLN\tPolish zloty"", ""BRL\tBrazilian real"", ""AUD\tAustralian dollar"", ""SEK\tSwedish krona"", ""CHF\tSwiss franc"", ""RUB\tRussian ruble"", ""CZK\tCzech koruna"", ""ILS\tIsraeli new shekel"", ""DKK\tDanish krone"", ""NOK\tNorwegian krone"", ""TRY\tTurkish lira"", ""NZD\tNew Zealand dollar"", ""MXN\tMexican peso"", ""ZAR\tSouth African rand"", ""HUF\tHungarian forint"", ""RON\tRomanian leu"", ""PKR\tPakistani rupee"", ""IRR\tIranian rial"", ""BGN\tBulgarian lev"", ""CNY\tChinese Yuan Renminbi"", ""JPY\tJapanese yen"", ""BDT\tBangladeshi taka"", ""IDR\tIndonesian rupiah"", ""TWD\tNew Taiwan dollar"", ""VND\tVietnamese dong"", ""ARS\tArgentine peso"", ""COP\tColombian peso"", ""SGD\tSingapore dollar"", ""NGN\tNigerian naira"", ""KRW\tSouth Korean won"", ""AED United Arab Emirates dirham"", ""PHP\tPhilippine peso"", ""RSD\tSerbian dinar"", ""EGP\tEgyptian pound"", ""MYR\tMalaysian ringgit"", ""HKD\tHong Kong dollar"", ""LKR\tSri Lankan rupee"", ""KES\tKenyan shilling"", ""CLP\tChilean peso"", ""THB\tThai baht"", ""NPR\tNepalese rupee"", ""GEL\tGeorgian lari"", ""MAD\tMoroccan dirham"", ""KZT\tKazakhstani tenge"", ""UYU\tUruguayan peso"", ""AMD\tArmenian dram"", ""BAM\tBosnia and Herzegovina convertible mark"", ""BYN\tBelarusian ruble"", ""PEN\tPeruvian sol"", ""TND\tTunisian dinar"", ""SAR\tSaudi Arabian riyal"", ""UZS\tUzbekistani som"", ""GHS\tGhanaian cedi"", ""XOF\tWest African CFA franc"", ""DZD\tAlgerian dinar"", ""ISK\tIcelandic krona"", ""ETB\tEthiopian birr"", ""AFN\tAfghan afghani"", ""JOD\tJordanian dinar"", ""DOP\tDominican peso"", ""IQD\tIraqi dinar"", ""UGX\tUgandan shilling"", ""GTQ\tGuatemalan quetzal"", ""CRC\tCosta Rican colon"", ""PYG\tParaguayan guarani"", ""ALL\tAlbanian lek"", ""MKD\tMacedonian denar"", ""BOB\tBolivian boliviano"", ""AZN\tAzerbaijan manat"", ""KGS\tKyrgyzstani som"", ""MDL\tMoldovan leu"", ""TZS\tTanzanian shilling"", ""SYP\tSyrian pound"", ""XAF\tCentral African CFA franc"", ""AOA\tAngolan kwanza"", ""MUR\tMauritian rupee"", ""ZMW Zambian kwacha"", ""BHD\tBahraini dinar"", ""MMK\tMyanmar kyat"", ""QAR\tQatari riyal"", ""RWF\tRwandan franc"", ""MVR\tMaldivian rufiyaa"", ""KHR\tCambodian riel"", ""MGA\tMalagasy ariary"", ""MNT\tMongolian tugrik"", ""TMT\tTurkmen manat"", ""JMD\tJamaican dollar"", ""TTD\tTrinidad and Tobago dollar"", ""HNL\tHonduran lempira"", ""KWD\tKuwaiti dinar"", ""XPF\tCFP franc"", ""YER\tYemeni rial"", ""OMR\tOmani rial"", ""FJD\tFijian dollar"", ""ANG Netherlands Antillean guilder"", ""TJS\tTajikistani somoni"", ""CUP\tCuban peso"", ""MZN\tMozambican metical"", ""NIO\tNicaraguan cordoba"", ""MWK\tMalawian kwacha"", ""LBP\tLebanese pound"", ""BTN\tBhutanese ngultrum"", ""MOP\tMacanese pataca"", ""SRD\tSurinamese dollar"", ""BIF\tBurundi franc"", ""VES\tVenezuelan bolivar"", ""NAD\tNamibian dollar"", ""GYD\tGuyanese dollar"", ""BND\tBrunei dollar"", ""IMP\tManx pound"", ""CDF\tCongolese franc"", ""SOS\tSomali shilling"", ""GGP\tGuernsey Pound"", ""none\tFaroese krona"", ""SDG\tSudanese pound"", ""SLL\tSierra Leonean leone"", ""KYD\tCayman Islands dollar"", ""BSD\tBahamian dollar"", ""SHP\tSaint Helena pound"", ""SZL\tSwazi lilangeni"", ""BWP\tBotswana pula"", ""none\tCook Islands dollar"", ""KPW\tNorth Korean won"", ""AWG\tAruban florin"", ""BBD\tBarbadian dollar"", ""GIP\tGibraltar pound"", ""KMF\tComorian franc"", ""XDR\tSDR (Special Drawing Right)"", ""XCD\tEast Caribbean dollar"", ""CVE\tCape Verdean escudo"", ""ERN\tEritrean nakfa"", ""LYD\tLibyan dinar"", ""WST\tSamoan tala"", ""MRU\tMauritanian ouguiya"", ""BMD\tBermudian dollar"", ""FKP\tFalkland Islands pound""]",
CompTotal,(드롭됨),QID51,CompTotal,exact,,"What is your current total <b>annual</b> compensation (salary, bonuses, and perks, before taxes and deductions)? Please enter a whole number in the box below, without any punctuation.  If you are paid hourly, please estimate an equivalent yearly salary. If you prefer not to answer, please leave the box empty.",,TE,SL,FALSE,N,numeric,33740,51.6,3337,3337,,
LanguageHaveWorkedWith,LanguageHaveWorkedWith,QID233,Language,prefix,사용 경험,"Which <b>programming, scripting, and markup languages</b> have you done extensive development work in over the past year, and which do you want to work in over the next year? (If you both worked with the language and want to continue to do so, please check both boxes in that row.)",,Matrix,Likert,FALSE,Y,multiselect,59745,91.3,23864,49,"[""JavaScript"", ""HTML/CSS"", ""Python"", ""SQL"", ""TypeScript"", ""Bash/Shell (all shells)"", ""Java"", ""C#"", ""C++"", ""C"", ""PHP"", ""PowerShell"", ""Go"", ""Rust"", ""Kotlin"", ""Lua"", ""Dart"", ""Assembly"", ""Ruby"", ""Swift"", ""R"", ""Visual Basic (.Net)"", ""MATLAB"", ""VBA"", ""Groovy"", ""Scala"", ""Perl"", ""GDScript"", ""Objective-C"", ""Elixir"", ""Haskell"", ""Delphi"", ""MicroPython"", ""Lisp"", ""Clojure"", ""Julia"", ""Zig"", ""Fortran"", ""Solidity"", ""Ada"", ""Erlang"", ""F#"", ""Apex"", ""Prolog"", ""OCaml"", ""Cobol"", ""Crystal"", ""Nim"", ""Zephyr""]",행렬형 문항이 펼쳐진 컬럼 — question은 문항 줄기.
LanguageWantToWorkWith,LanguageWantToWorkWith,QID233,Language,prefix,사용 희망,"Which <b>programming, scripting, and markup languages</b> have you done extensive development work in over the past year, and which do you want to work in over the next year? (If you both worked with the language and want to continue to do so, please check both boxes in that row.)",,Matrix,Likert,FALSE,Y,multiselect,55752,85.2,22769,49,"[""Python"", ""JavaScript"", ""SQL"", ""HTML/CSS"", ""TypeScript"", ""Rust"", ""Go"", ""Bash/Shell (all shells)"", ""C#"", ""C++"", ""Java"", ""C"", ""Kotlin"", ""PHP"", ""PowerShell"", ""Swift"", ""Dart"", ""Zig"", ""Lua"", ""Assembly"", ""Elixir"", ""Ruby"", ""Haskell"", ""R"", ""Scala"", ""GDScript"", ""Clojure"", ""F#"", ""Julia"", ""Lisp"", ""Erlang"", ""OCaml"", ""MicroPython"", ""Visual Basic (.Net)"", ""Solidity"", ""MATLAB"", ""Groovy"", ""Perl"", ""VBA"", ""Objective-C"", ""Delphi"", ""Ada"", ""Nim"", ""Fortran"", ""Crystal"", ""Cobol"", ""Prolog"", ""Apex"", ""Zephyr""]",행렬형 문항이 펼쳐진 컬럼 — question은 문항 줄기.
LanguageAdmired,LanguageAdmired,QID233,Language,prefix,선호(admired),"Which <b>programming, scripting, and markup languages</b> have you done extensive development work in over the past year, and which do you want to work in over the next year? (If you both worked with the language and want to continue to do so, please check both boxes in that row.)",,Matrix,Likert,FALSE,Y,multiselect,50872,77.7,12335,49,"[""JavaScript"", ""Python"", ""SQL"", ""HTML/CSS"", ""TypeScript"", ""Bash/Shell (all shells)"", ""C#"", ""Java"", ""C++"", ""Rust"", ""C"", ""Go"", ""PHP"", ""PowerShell"", ""Kotlin"", ""Dart"", ""Lua"", ""Swift"", ""Ruby"", ""Assembly"", ""R"", ""Elixir"", ""GDScript"", ""Scala"", ""Haskell"", ""Visual Basic (.Net)"", ""Groovy"", ""VBA"", ""MATLAB"", ""Lisp"", ""Clojure"", ""Zig"", ""Perl"", ""MicroPython"", ""Delphi"", ""Julia"", ""Objective-C"", ""Solidity"", ""Erlang"", ""F#"", ""OCaml"", ""Ada"", ""Apex"", ""Fortran"", ""Crystal"", ""Prolog"", ""Cobol"", ""Nim"", ""Zephyr""]",행렬형 문항이 펼쳐진 컬럼 — question은 문항 줄기.
DatabaseHaveWorkedWith,DatabaseHaveWorkedWith,QID262,Database,prefix,사용 경험,"Which <b>database environments </b>have you done extensive development work in over the past year, and which do you want to work in over the next year? (If you both worked with the database and want to continue to do so, please check both boxes in that row.)",,Matrix,Likert,FALSE,Y,multiselect,50254,76.8,9050,35,"[""PostgreSQL"", ""MySQL"", ""SQLite"", ""Microsoft SQL Server"", ""MongoDB"", ""Redis"", ""MariaDB"", ""Elasticsearch"", ""Oracle"", ""Dynamodb"", ""Firebase Realtime Database"", ""Cloud Firestore"", ""BigQuery"", ""Microsoft Access"", ""Supabase"", ""H2"", ""Cosmos DB"", ""Snowflake"", ""InfluxDB"", ""Cassandra"", ""Databricks SQL"", ""Neo4J"", ""IBM DB2"", ""Clickhouse"", ""Solr"", ""DuckDB"", ""Firebird"", ""Couch DB"", ""Cockroachdb"", ""Couchbase"", ""Presto"", ""Datomic"", ""EventStoreDB"", ""RavenDB"", ""TiDB""]",행렬형 문항이 펼쳐진 컬럼 — question은 문항 줄기.
DatabaseWantToWorkWith,DatabaseWantToWorkWith,QID262,Database,prefix,사용 희망,"Which <b>database environments </b>have you done extensive development work in over the past year, and which do you want to work in over the next year? (If you both worked with the database and want to continue to do so, please check both boxes in that row.)",,Matrix,Likert,FALSE,Y,multiselect,42558,65.0,8478,35,"[""PostgreSQL"", ""SQLite"", ""MySQL"", ""MongoDB"", ""Redis"", ""Microsoft SQL Server"", ""Elasticsearch"", ""MariaDB"", ""Dynamodb"", ""Supabase"", ""Oracle"", ""BigQuery"", ""Firebase Realtime Database"", ""Cassandra"", ""Cloud Firestore"", ""Snowflake"", ""Cosmos DB"", ""Neo4J"", ""DuckDB"", ""Clickhouse"", ""Databricks SQL"", ""Cockroachdb"", ""InfluxDB"", ""H2"", ""Microsoft Access"", ""Couch DB"", ""Solr"", ""Firebird"", ""IBM DB2"", ""Datomic"", ""Couchbase"", ""EventStoreDB"", ""Presto"", ""TiDB"", ""RavenDB""]",행렬형 문항이 펼쳐진 컬럼 — question은 문항 줄기.
DatabaseAdmired,DatabaseAdmired,QID262,Database,prefix,선호(admired),"Which <b>database environments </b>have you done extensive development work in over the past year, and which do you want to work in over the next year? (If you both worked with the database and want to continue to do so, please check both boxes in that row.)",,Matrix,Likert,FALSE,Y,multiselect,38557,58.9,4051,35,"[""PostgreSQL"", ""MySQL"", ""SQLite"", ""Microsoft SQL Server"", ""MongoDB"", ""Redis"", ""MariaDB"", ""Elasticsearch"", ""Dynamodb"", ""Oracle"", ""Cloud Firestore"", ""Firebase Realtime Database"", ""BigQuery"", ""Supabase"", ""Cosmos DB"", ""H2"", ""Snowflake"", ""InfluxDB"", ""Clickhouse"", ""Microsoft Access"", ""Databricks SQL"", ""DuckDB"", ""Neo4J"", ""Cassandra"", ""Solr"", ""IBM DB2"", ""Cockroachdb"", ""Firebird"", ""Presto"", ""Couch DB"", ""Datomic"", ""Couchbase"", ""EventStoreDB"", ""RavenDB"", ""TiDB""]",행렬형 문항이 펼쳐진 컬럼 — question은 문항 줄기.
PlatformHaveWorkedWith,PlatformHaveWorkedWith,QID263,Platform,prefix,사용 경험,"Which <b>cloud platforms</b> have you done extensive development work in over the past year, and which do you want to work in over the next year? (If you both worked with the platform and want to continue to do so, please check both boxes in that row.)",,Matrix,Likert,FALSE,Y,multiselect,42366,64.7,5467,27,"[""Amazon Web Services (AWS)"", ""Microsoft Azure"", ""Google Cloud"", ""Cloudflare"", ""Firebase"", ""Vercel"", ""Digital Ocean"", ""Heroku"", ""Netlify"", ""VMware"", ""Hetzner"", ""Supabase"", ""Linode, now Akamai"", ""OVH"", ""Managed Hosting"", ""Oracle Cloud Infrastructure (OCI)"", ""Render"", ""Fly.io"", ""OpenShift"", ""Databricks"", ""PythonAnywhere"", ""Vultr"", ""OpenStack"", ""Alibaba Cloud"", ""IBM Cloud Or Watson"", ""Scaleway"", ""Colocation""]",행렬형 문항이 펼쳐진 컬럼 — question은 문항 줄기.
PlatformWantToWorkWith,PlatformWantToWorkWith,QID263,Platform,prefix,사용 희망,"Which <b>cloud platforms</b> have you done extensive development work in over the past year, and which do you want to work in over the next year? (If you both worked with the platform and want to continue to do so, please check both boxes in that row.)",,Matrix,Likert,FALSE,Y,multiselect,34532,52.8,4784,27,"[""Amazon Web Services (AWS)"", ""Microsoft Azure"", ""Google Cloud"", ""Cloudflare"", ""Firebase"", ""Vercel"", ""Digital Ocean"", ""Hetzner"", ""Supabase"", ""Netlify"", ""Fly.io"", ""Heroku"", ""VMware"", ""Linode, now Akamai"", ""Oracle Cloud Infrastructure (OCI)"", ""Databricks"", ""Managed Hosting"", ""OVH"", ""OpenShift"", ""Render"", ""OpenStack"", ""PythonAnywhere"", ""Vultr"", ""IBM Cloud Or Watson"", ""Alibaba Cloud"", ""Scaleway"", ""Colocation""]",행렬형 문항이 펼쳐진 컬럼 — question은 문항 줄기.
PlatformAdmired,PlatformAdmired,QID263,Platform,prefix,선호(admired),"Which <b>cloud platforms</b> have you done extensive development work in over the past year, and which do you want to work in over the next year? (If you both worked with the platform and want to continue to do so, please check both boxes in that row.)",,Matrix,Likert,FALSE,Y,multiselect,31377,47.9,2556,27,"[""Amazon Web Services (AWS)"", ""Microsoft Azure"", ""Google Cloud"", ""Cloudflare"", ""Firebase"", ""Vercel"", ""Digital Ocean"", ""Hetzner"", ""Netlify"", ""VMware"", ""Supabase"", ""Heroku"", ""Managed Hosting"", ""Linode, now Akamai"", ""OVH"", ""Oracle Cloud Infrastructure (OCI)"", ""Fly.io"", ""Render"", ""OpenShift"", ""Databricks"", ""Vultr"", ""PythonAnywhere"", ""OpenStack"", ""Alibaba Cloud"", ""Scaleway"", ""IBM Cloud Or Watson"", ""Colocation""]",행렬형 문항이 펼쳐진 컬럼 — question은 문항 줄기.
WebframeHaveWorkedWith,WebframeHaveWorkedWith,QID264,Webframe,prefix,사용 경험,"Which <b>web frameworks and web technologies</b> have you done extensive development work in over the past year, and which do you want to work in over the next year? (If you both worked with the framework and want to continue to do so, please check both boxes in that row.)",,Matrix,Likert,FALSE,Y,multiselect,45161,69.0,12235,36,"[""Node.js"", ""React"", ""jQuery"", ""Next.js"", ""Express"", ""Angular"", ""ASP.NET CORE"", ""Vue.js"", ""ASP.NET"", ""Flask"", ""Spring Boot"", ""Django"", ""WordPress"", ""FastAPI"", ""Laravel"", ""AngularJS"", ""Svelte"", ""NestJS"", ""Blazor"", ""Ruby on Rails"", ""Nuxt.js"", ""Htmx"", ""Symfony"", ""Astro"", ""Fastify"", ""Deno"", ""Phoenix"", ""Drupal"", ""Strapi"", ""CodeIgniter"", ""Gatsby"", ""Remix"", ""Solid.js"", ""Yii 2"", ""Play Framework"", ""Elm""]",행렬형 문항이 펼쳐진 컬럼 — question은 문항 줄기.
WebframeWantToWorkWith,WebframeWantToWorkWith,QID264,Webframe,prefix,사용 희망,"Which <b>web frameworks and web technologies</b> have you done extensive development work in over the past year, and which do you want to work in over the next year? (If you both worked with the framework and want to continue to do so, please check both boxes in that row.)",,Matrix,Likert,FALSE,Y,multiselect,38535,58.9,11654,36,"[""React"", ""Node.js"", ""Next.js"", ""Vue.js"", ""ASP.NET CORE"", ""Angular"", ""Express"", ""Svelte"", ""Spring Boot"", ""Django"", ""FastAPI"", ""jQuery"", ""Htmx"", ""Flask"", ""ASP.NET"", ""Laravel"", ""NestJS"", ""Blazor"", ""WordPress"", ""Ruby on Rails"", ""Astro"", ""Nuxt.js"", ""Deno"", ""AngularJS"", ""Solid.js"", ""Phoenix"", ""Remix"", ""Symfony"", ""Fastify"", ""Strapi"", ""Elm"", ""Gatsby"", ""Drupal"", ""CodeIgniter"", ""Play Framework"", ""Yii 2""]",행렬형 문항이 펼쳐진 컬럼 — question은 문항 줄기.
WebframeAdmired,WebframeAdmired,QID264,Webframe,prefix,선호(admired),"Which <b>web frameworks and web technologies</b> have you done extensive development work in over the past year, and which do you want to work in over the next year? (If you both worked with the framework and want to continue to do so, please check both boxes in that row.)",,Matrix,Likert,FALSE,Y,multiselect,34943,53.4,5460,36,"[""Node.js"", ""React"", ""ASP.NET CORE"", ""Next.js"", ""Express"", ""Vue.js"", ""Angular"", ""Spring Boot"", ""jQuery"", ""FastAPI"", ""Django"", ""Flask"", ""ASP.NET"", ""Svelte"", ""Laravel"", ""WordPress"", ""NestJS"", ""Blazor"", ""Ruby on Rails"", ""Htmx"", ""Nuxt.js"", ""Astro"", ""Symfony"", ""Phoenix"", ""AngularJS"", ""Fastify"", ""Deno"", ""Remix"", ""Solid.js"", ""Strapi"", ""Drupal"", ""CodeIgniter"", ""Gatsby"", ""Elm"", ""Yii 2"", ""Play Framework""]",행렬형 문항이 펼쳐진 컬럼 — question은 문항 줄기.
EmbeddedHaveWorkedWith,EmbeddedHaveWorkedWith,QID340,Embedded,prefix,사용 경험,"Which <b>embedded systems and technologies</b> have you done extensive development work in over the past year, and which do you want to work in over the next year? (If you both worked with the framework and want to continue to do so, please check both boxes in that row.)",,Matrix,Likert,FALSE,Y,multiselect,22214,33.9,1630,20,"[""Rasberry Pi"", ""Arduino"", ""GNU GCC"", ""CMake"", ""LLVM's Clang"", ""Cargo"", ""MSVC"", ""Ninja"", ""PlatformIO"", ""Meson"", ""QMake"", ""Catch2"", ""cppunit"", ""Boost.Test"", ""doctest"", ""SCons"", ""ZMK"", ""Micronaut"", ""build2"", ""CUTE""]",행렬형 문항이 펼쳐진 컬럼 — question은 문항 줄기.
EmbeddedWantToWorkWith,EmbeddedWantToWorkWith,QID340,Embedded,prefix,사용 희망,"Which <b>embedded systems and technologies</b> have you done extensive development work in over the past year, and which do you want to work in over the next year? (If you both worked with the framework and want to continue to do so, please check both boxes in that row.)",,Matrix,Likert,FALSE,Y,multiselect,17600,26.9,1471,20,"[""Rasberry Pi"", ""Arduino"", ""GNU GCC"", ""CMake"", ""Cargo"", ""LLVM's Clang"", ""Ninja"", ""MSVC"", ""PlatformIO"", ""Meson"", ""Catch2"", ""QMake"", ""cppunit"", ""doctest"", ""ZMK"", ""Boost.Test"", ""Micronaut"", ""SCons"", ""build2"", ""CUTE""]",행렬형 문항이 펼쳐진 컬럼 — question은 문항 줄기.
EmbeddedAdmired,EmbeddedAdmired,QID340,Embedded,prefix,선호(admired),"Which <b>embedded systems and technologies</b> have you done extensive development work in over the past year, and which do you want to work in over the next year? (If you both worked with the framework and want to continue to do so, please check both boxes in that row.)",,Matrix,Likert,FALSE,Y,multiselect,16733,25.6,1053,20,"[""Rasberry Pi"", ""GNU GCC"", ""Arduino"", ""CMake"", ""Cargo"", ""LLVM's Clang"", ""Ninja"", ""MSVC"", ""PlatformIO"", ""Meson"", ""Catch2"", ""QMake"", ""cppunit"", ""doctest"", ""ZMK"", ""Boost.Test"", ""SCons"", ""Micronaut"", ""build2"", ""CUTE""]",행렬형 문항이 펼쳐진 컬럼 — question은 문항 줄기.
MiscTechHaveWorkedWith,MiscTechHaveWorkedWith,QID265,MiscTech,prefix,사용 경험,"Which <b>other frameworks and libraries</b> have you done extensive development work in over the past year, and which do you want to work in over the next year? (If you both worked with the framework and want to continue to do so, please check both boxes in that row.)",,Matrix,Likert,FALSE,Y,multiselect,39443,60.3,9288,39,"["".NET (5+) "", ""NumPy"", ""Pandas"", "".NET Framework (1.0 - 4.8)"", ""Spring Framework"", ""RabbitMQ"", ""Scikit-Learn"", ""Torch/PyTorch"", ""TensorFlow"", ""Apache Kafka"", ""Flutter"", ""Opencv"", ""React Native"", ""Qt"", ""OpenGL"", ""Electron"", ""CUDA"", ""Hugging Face Transformers"", ""Apache Spark"", ""SwiftUI"", ""Keras"", "".NET MAUI"", ""Ruff"", ""Xamarin"", ""GTK"", ""Ionic"", ""Tauri"", ""Hadoop"", ""Cordova"", ""DirectX"", ""Capacitor"", ""OpenCL"", ""Tidyverse"", ""Roslyn"", ""Quarkus"", ""Ktor"", ""mlflow"", ""JAX"", ""MFC""]",행렬형 문항이 펼쳐진 컬럼 — question은 문항 줄기.
MiscTechWantToWorkWith,MiscTechWantToWorkWith,QID265,MiscTech,prefix,사용 희망,"Which <b>other frameworks and libraries</b> have you done extensive development work in over the past year, and which do you want to work in over the next year? (If you both worked with the framework and want to continue to do so, please check both boxes in that row.)",,Matrix,Likert,FALSE,Y,multiselect,32964,50.4,10263,39,"["".NET (5+) "", ""NumPy"", ""Pandas"", ""Torch/PyTorch"", ""TensorFlow"", ""Apache Kafka"", ""RabbitMQ"", ""Flutter"", ""React Native"", ""Scikit-Learn"", ""Spring Framework"", ""CUDA"", ""Opencv"", ""OpenGL"", ""Hugging Face Transformers"", "".NET Framework (1.0 - 4.8)"", ""SwiftUI"", ""Apache Spark"", ""Electron"", ""Qt"", "".NET MAUI"", ""Tauri"", ""Keras"", ""Ruff"", ""Hadoop"", ""OpenCL"", ""GTK"", ""DirectX"", ""Roslyn"", ""Quarkus"", ""Ionic"", ""Ktor"", ""JAX"", ""Xamarin"", ""mlflow"", ""Tidyverse"", ""Capacitor"", ""Cordova"", ""MFC""]",행렬형 문항이 펼쳐진 컬럼 — question은 문항 줄기.
MiscTechAdmired,MiscTechAdmired,QID265,MiscTech,prefix,선호(admired),"Which <b>other frameworks and libraries</b> have you done extensive development work in over the past year, and which do you want to work in over the next year? (If you both worked with the framework and want to continue to do so, please check both boxes in that row.)",,Matrix,Likert,FALSE,Y,multiselect,29596,45.2,4917,39,"["".NET (5+) "", ""NumPy"", ""Pandas"", ""Torch/PyTorch"", ""Spring Framework"", ""Scikit-Learn"", ""RabbitMQ"", ""Apache Kafka"", ""TensorFlow"", ""Flutter"", "".NET Framework (1.0 - 4.8)"", ""Opencv"", ""React Native"", ""OpenGL"", ""CUDA"", ""Qt"", ""Hugging Face Transformers"", ""SwiftUI"", ""Electron"", ""Keras"", ""Apache Spark"", ""Ruff"", ""Tauri"", "".NET MAUI"", ""Roslyn"", ""GTK"", ""Tidyverse"", ""Ionic"", ""Capacitor"", ""DirectX"", ""OpenCL"", ""Ktor"", ""Hadoop"", ""Quarkus"", ""mlflow"", ""Xamarin"", ""JAX"", ""Cordova"", ""MFC""]",행렬형 문항이 펼쳐진 컬럼 — question은 문항 줄기.
ToolsTechHaveWorkedWith,ToolsTechHaveWorkedWith,QID275,ToolsTech,prefix,사용 경험,"Which <b>developer </b><strong>tools for compiling, building and testing</strong> have you done extensive development work in over the past year, and which do you want to work in over the next year? (If you both worked with the technology and want to continue to do so, please check both boxes in that row.)",,Matrix,Likert,FALSE,Y,multiselect,52482,80.2,19883,34,"[""Docker"", ""npm"", ""Pip"", ""Homebrew"", ""Make"", ""Vite"", ""Kubernetes"", ""Yarn"", ""Webpack"", ""NuGet"", ""Maven (build tool)"", ""Visual Studio Solution"", ""Gradle"", ""MSBuild"", ""Terraform"", ""APT"", ""pnpm"", ""Composer"", ""Chocolatey"", ""Ansible"", ""Pacman"", ""Unity 3D"", ""Podman"", ""Godot"", ""Ninja"", ""Bun"", ""Google Test"", ""Unreal Engine"", ""Ant"", ""Nix"", ""Dagger"", ""Puppet"", ""Pulumi"", ""Chef""]",행렬형 문항이 펼쳐진 컬럼 — question은 문항 줄기.
ToolsTechWantToWorkWith,ToolsTechWantToWorkWith,QID275,ToolsTech,prefix,사용 희망,"Which <b>developer </b><strong>tools for compiling, building and testing</strong> have you done extensive development work in over the past year, and which do you want to work in over the next year? (If you both worked with the technology and want to continue to do so, please check both boxes in that row.)",,Matrix,Likert,FALSE,Y,multiselect,46084,70.4,16549,34,"[""Docker"", ""npm"", ""Kubernetes"", ""Pip"", ""Vite"", ""Homebrew"", ""Make"", ""Terraform"", ""NuGet"", ""Visual Studio Solution"", ""Yarn"", ""Gradle"", ""Maven (build tool)"", ""Webpack"", ""pnpm"", ""APT"", ""Ansible"", ""Bun"", ""MSBuild"", ""Godot"", ""Podman"", ""Composer"", ""Pacman"", ""Unreal Engine"", ""Unity 3D"", ""Chocolatey"", ""Nix"", ""Ninja"", ""Google Test"", ""Pulumi"", ""Ant"", ""Dagger"", ""Puppet"", ""Chef""]",행렬형 문항이 펼쳐진 컬럼 — question은 문항 줄기.
ToolsTechAdmired,ToolsTechAdmired,QID275,ToolsTech,prefix,선호(admired),"Which <b>developer </b><strong>tools for compiling, building and testing</strong> have you done extensive development work in over the past year, and which do you want to work in over the next year? (If you both worked with the technology and want to continue to do so, please check both boxes in that row.)",,Matrix,Likert,FALSE,Y,multiselect,43997,67.2,11804,34,"[""Docker"", ""npm"", ""Pip"", ""Homebrew"", ""Vite"", ""Kubernetes"", ""Make"", ""NuGet"", ""Visual Studio Solution"", ""Yarn"", ""Maven (build tool)"", ""Gradle"", ""APT"", ""Webpack"", ""Terraform"", ""MSBuild"", ""pnpm"", ""Composer"", ""Pacman"", ""Ansible"", ""Chocolatey"", ""Podman"", ""Godot"", ""Bun"", ""Unity 3D"", ""Ninja"", ""Nix"", ""Google Test"", ""Unreal Engine"", ""Ant"", ""Dagger"", ""Pulumi"", ""Puppet"", ""Chef""]",행렬형 문항이 펼쳐진 컬럼 — question은 문항 줄기.
NEWCollabToolsHaveWorkedWith,NEWCollabToolsHaveWorkedWith,QID274,NEWCollabTools,prefix,사용 경험,"Which <strong>development environments</strong> did you use regularly over the past year, and which do you want to work with over the next year? Please check all that apply.",,Matrix,Likert,FALSE,Y,multiselect,57592,88.0,14168,35,"[""Visual Studio Code"", ""Visual Studio"", ""IntelliJ IDEA"", ""Notepad++"", ""Vim"", ""Android Studio"", ""PyCharm"", ""Jupyter Notebook/JupyterLab"", ""Neovim"", ""Sublime Text"", ""Eclipse"", ""Xcode"", ""Nano"", ""WebStorm"", ""PhpStorm"", ""Rider"", ""DataGrip"", ""VSCodium"", ""IPython"", ""CLion"", ""Emacs"", ""Goland"", ""Netbeans"", ""RStudio"", ""Qt Creator"", ""Code::Blocks"", ""Kate"", ""Fleet"", ""Helix"", ""Spyder"", ""RubyMine"", ""Geany"", ""Rad Studio (Delphi, C++ Builder)"", ""BBEdit"", ""Spacemacs""]",행렬형 문항이 펼쳐진 컬럼 — question은 문항 줄기.
NEWCollabToolsWantToWorkWith,NEWCollabToolsWantToWorkWith,QID274,NEWCollabTools,prefix,사용 희망,"Which <strong>development environments</strong> did you use regularly over the past year, and which do you want to work with over the next year? Please check all that apply.",,Matrix,Likert,FALSE,Y,multiselect,52087,79.6,9751,35,"[""Visual Studio Code"", ""IntelliJ IDEA"", ""Visual Studio"", ""Vim"", ""Notepad++"", ""Neovim"", ""PyCharm"", ""Android Studio"", ""Jupyter Notebook/JupyterLab"", ""Xcode"", ""Sublime Text"", ""WebStorm"", ""Nano"", ""Rider"", ""VSCodium"", ""DataGrip"", ""PhpStorm"", ""Emacs"", ""IPython"", ""CLion"", ""Goland"", ""Eclipse"", ""Helix"", ""RStudio"", ""Qt Creator"", ""Fleet"", ""Kate"", ""RubyMine"", ""Netbeans"", ""Spyder"", ""Rad Studio (Delphi, C++ Builder)"", ""Code::Blocks"", ""BBEdit"", ""Geany"", ""Spacemacs""]",행렬형 문항이 펼쳐진 컬럼 — question은 문항 줄기.
NEWCollabToolsAdmired,NEWCollabToolsAdmired,QID274,NEWCollabTools,prefix,선호(admired),"Which <strong>development environments</strong> did you use regularly over the past year, and which do you want to work with over the next year? Please check all that apply.",,Matrix,Likert,FALSE,Y,multiselect,50711,77.5,7545,35,"[""Visual Studio Code"", ""IntelliJ IDEA"", ""Visual Studio"", ""Notepad++"", ""Vim"", ""Neovim"", ""PyCharm"", ""Jupyter Notebook/JupyterLab"", ""Android Studio"", ""Sublime Text"", ""Nano"", ""WebStorm"", ""Xcode"", ""Rider"", ""PhpStorm"", ""DataGrip"", ""IPython"", ""VSCodium"", ""Emacs"", ""Eclipse"", ""CLion"", ""Goland"", ""RStudio"", ""Kate"", ""Helix"", ""Qt Creator"", ""Fleet"", ""Netbeans"", ""RubyMine"", ""Rad Studio (Delphi, C++ Builder)"", ""Spyder"", ""BBEdit"", ""Geany"", ""Code::Blocks"", ""Spacemacs""]",행렬형 문항이 펼쳐진 컬럼 — question은 문항 줄기.
OpSysPersonal use,OpSysPersonalUse,QID71,OpSys,prefix,Personal use,What is the primary <b>operating system</b> in which you work?,,Matrix,Likert,FALSE,Y,multiselect,58174,88.9,2488,19,"[""Windows"", ""MacOS"", ""Ubuntu"", ""Android"", ""Windows Subsystem for Linux (WSL)"", ""iOS"", ""Debian"", ""Other Linux-based"", ""Arch"", ""iPadOS"", ""Fedora"", ""Other (please specify):"", ""Red Hat"", ""ChromeOS"", ""Cygwin"", ""BSD"", ""Solaris"", ""AIX"", ""Haiku""]",행렬형 문항이 펼쳐진 컬럼 — question은 문항 줄기.
OpSysProfessional use,OpSysProfessionalUse,QID71,OpSys,prefix,Professional use,What is the primary <b>operating system</b> in which you work?,,Matrix,Likert,FALSE,Y,multiselect,52973,81.0,2032,19,"[""Windows"", ""MacOS"", ""Ubuntu"", ""Windows Subsystem for Linux (WSL)"", ""Debian"", ""Android"", ""Other Linux-based"", ""iOS"", ""Red Hat"", ""Arch"", ""Fedora"", ""iPadOS"", ""Other (please specify):"", ""ChromeOS"", ""Cygwin"", ""BSD"", ""AIX"", ""Solaris"", ""Haiku""]",행렬형 문항이 펼쳐진 컬럼 — question은 문항 줄기.
OfficeStackAsyncHaveWorkedWith,OfficeStackAsyncHaveWorkedWith,QID282,OfficeStackAsync,prefix,사용 경험,"Which <b>collaborative work management and/or code documentation tools</b> did you use regularly over the past year, and which do you want to work with over the next year? Select all that apply",,Matrix,Likert,FALSE,Y,multiselect,48093,73.5,6014,25,"[""Jira"", ""Confluence"", ""Markdown File"", ""Trello"", ""Notion"", ""GitHub Discussions"", ""Azure Devops"", ""Miro"", ""Obsidian"", ""Wikis"", ""Asana"", ""Clickup"", ""Doxygen"", ""Lucid"", ""Redmine"", ""Linear"", ""Microsoft Planner"", ""Stack Overflow for Teams"", ""Monday.com"", ""YouTrack"", ""Airtable"", ""Basecamp"", ""Microsoft Lists"", ""Smartsheet"", ""Shortcut""]",행렬형 문항이 펼쳐진 컬럼 — question은 문항 줄기.
OfficeStackAsyncWantToWorkWith,OfficeStackAsyncWantToWorkWith,QID282,OfficeStackAsync,prefix,사용 희망,"Which <b>collaborative work management and/or code documentation tools</b> did you use regularly over the past year, and which do you want to work with over the next year? Select all that apply",,Matrix,Likert,FALSE,Y,multiselect,38966,59.5,3801,25,"[""Jira"", ""Markdown File"", ""Confluence"", ""GitHub Discussions"", ""Notion"", ""Obsidian"", ""Azure Devops"", ""Trello"", ""Miro"", ""Wikis"", ""Stack Overflow for Teams"", ""Linear"", ""Doxygen"", ""Clickup"", ""Asana"", ""Lucid"", ""YouTrack"", ""Microsoft Planner"", ""Redmine"", ""Monday.com"", ""Airtable"", ""Basecamp"", ""Microsoft Lists"", ""Shortcut"", ""Smartsheet""]",행렬형 문항이 펼쳐진 컬럼 — question은 문항 줄기.
OfficeStackAsyncAdmired,OfficeStackAsyncAdmired,QID282,OfficeStackAsync,prefix,선호(admired),"Which <b>collaborative work management and/or code documentation tools</b> did you use regularly over the past year, and which do you want to work with over the next year? Select all that apply",,Matrix,Likert,FALSE,Y,multiselect,37204,56.9,2661,25,"[""Jira"", ""Markdown File"", ""Confluence"", ""GitHub Discussions"", ""Notion"", ""Azure Devops"", ""Obsidian"", ""Trello"", ""Miro"", ""Wikis"", ""Doxygen"", ""Linear"", ""Clickup"", ""Asana"", ""Lucid"", ""Stack Overflow for Teams"", ""YouTrack"", ""Microsoft Planner"", ""Redmine"", ""Airtable"", ""Monday.com"", ""Basecamp"", ""Shortcut"", ""Microsoft Lists"", ""Smartsheet""]",행렬형 문항이 펼쳐진 컬럼 — question은 문항 줄기.
OfficeStackSyncHaveWorkedWith,OfficeStackSyncHaveWorkedWith,QID307,OfficeStackSync,prefix,사용 경험,"Which <b>communication tools</b> did you use regularly over the past year, and which do you want to work with over the next year? Select all that apply",,Matrix,Likert,FALSE,Y,multiselect,55545,84.9,5049,23,"[""Microsoft Teams"", ""Slack"", ""Zoom"", ""Discord"", ""Google Meet"", ""Whatsapp"", ""Telegram"", ""Skype"", ""Signal"", ""Google Chat"", ""Cisco Webex Teams"", ""Mattermost"", ""Matrix"", ""Jitsi"", ""IRC"", ""Rocketchat"", ""Zulip"", ""Ringcentral"", ""Symphony"", ""Wire"", ""Wickr"", ""Unify Circuit"", ""Coolfire Core""]",행렬형 문항이 펼쳐진 컬럼 — question은 문항 줄기.
OfficeStackSyncWantToWorkWith,OfficeStackSyncWantToWorkWith,QID307,OfficeStackSync,prefix,사용 희망,"Which <b>communication tools</b> did you use regularly over the past year, and which do you want to work with over the next year? Select all that apply",,Matrix,Likert,FALSE,Y,multiselect,46711,71.4,3205,23,"[""Slack"", ""Discord"", ""Microsoft Teams"", ""Google Meet"", ""Whatsapp"", ""Zoom"", ""Telegram"", ""Signal"", ""Google Chat"", ""Skype"", ""Matrix"", ""Mattermost"", ""IRC"", ""Jitsi"", ""Cisco Webex Teams"", ""Zulip"", ""Rocketchat"", ""Wire"", ""Ringcentral"", ""Symphony"", ""Wickr"", ""Coolfire Core"", ""Unify Circuit""]",행렬형 문항이 펼쳐진 컬럼 — question은 문항 줄기.
OfficeStackSyncAdmired,OfficeStackSyncAdmired,QID307,OfficeStackSync,prefix,선호(admired),"Which <b>communication tools</b> did you use regularly over the past year, and which do you want to work with over the next year? Select all that apply",,Matrix,Likert,FALSE,Y,multiselect,44712,68.3,2555,23,"[""Slack"", ""Discord"", ""Microsoft Teams"", ""Google Meet"", ""Whatsapp"", ""Zoom"", ""Telegram"", ""Signal"", ""Google Chat"", ""Skype"", ""Matrix"", ""Mattermost"", ""Jitsi"", ""Cisco Webex Teams"", ""IRC"", ""Zulip"", ""Rocketchat"", ""Ringcentral"", ""Wire"", ""Symphony"", ""Wickr"", ""Coolfire Core"", ""Unify Circuit""]",행렬형 문항이 펼쳐진 컬럼 — question은 문항 줄기.
AISearchDevHaveWorkedWith,AISearchDevHaveWorkedWith,QID327,AISearchDev,prefix,사용 경험,"Which <b>AI-powered search and developer tools</b> did you use regularly over the past year, and which do you want to work with over the next year? Select all that apply.",,Matrix,Likert,FALSE,Y,multiselect,44453,67.9,2663,25,"[""ChatGPT"", ""GitHub Copilot"", ""Google Gemini"", ""Bing AI"", ""Visual Studio Intellicode"", ""Claude"", ""Codeium"", ""WolframAlpha"", ""Perplexity AI"", ""Tabnine"", ""Phind"", ""Meta AI"", ""Amazon Q"", ""You.com"", ""Cody"", ""OpenAI Codex"", ""Whispr AI"", ""Quora Poe"", ""Snyk Code"", ""Replit Ghostwriter"", ""Lightning AI"", ""AskCodi"", ""Andi"", ""Neeva AI"", ""Metaphor""]",행렬형 문항이 펼쳐진 컬럼 — question은 문항 줄기.
AISearchDevWantToWorkWith,AISearchDevWantToWorkWith,QID327,AISearchDev,prefix,사용 희망,"Which <b>AI-powered search and developer tools</b> did you use regularly over the past year, and which do you want to work with over the next year? Select all that apply.",,Matrix,Likert,FALSE,Y,multiselect,36701,56.1,2361,25,"[""ChatGPT"", ""GitHub Copilot"", ""Google Gemini"", ""Visual Studio Intellicode"", ""Bing AI"", ""Claude"", ""Codeium"", ""WolframAlpha"", ""Perplexity AI"", ""Meta AI"", ""Phind"", ""Tabnine"", ""Amazon Q"", ""OpenAI Codex"", ""Whispr AI"", ""Cody"", ""Snyk Code"", ""You.com"", ""Quora Poe"", ""Lightning AI"", ""Replit Ghostwriter"", ""AskCodi"", ""Metaphor"", ""Andi"", ""Neeva AI""]",행렬형 문항이 펼쳐진 컬럼 — question은 문항 줄기.
AISearchDevAdmired,AISearchDevAdmired,QID327,AISearchDev,prefix,선호(admired),"Which <b>AI-powered search and developer tools</b> did you use regularly over the past year, and which do you want to work with over the next year? Select all that apply.",,Matrix,Likert,FALSE,Y,multiselect,35543,54.3,1488,25,"[""ChatGPT"", ""GitHub Copilot"", ""Google Gemini"", ""Visual Studio Intellicode"", ""Bing AI"", ""Claude"", ""Codeium"", ""WolframAlpha"", ""Perplexity AI"", ""Phind"", ""Tabnine"", ""Meta AI"", ""Amazon Q"", ""OpenAI Codex"", ""Cody"", ""You.com"", ""Whispr AI"", ""Snyk Code"", ""Quora Poe"", ""Lightning AI"", ""Replit Ghostwriter"", ""Andi"", ""AskCodi"", ""Metaphor"", ""Neeva AI""]",행렬형 문항이 펼쳐진 컬럼 — question은 문항 줄기.
NEWSOSites,NEWSOSites,QID266,NEWSOSites,exact,,Which of the following Stack Overflow sites have you visited? Select all that apply. *,,MC,MAVR,TRUE,Y,multiselect,60286,92.1,32,6,"[""Stack Overflow"", ""Stack Exchange"", ""Stack Overflow Blog or Podcast"", ""Stack Overflow for Teams (private knowledge sharing & collaboration platform for companies)"", ""Overflow API"", ""I have never visited Stack Overflow or the Stack Exchange network""]",
SOVisitFreq,SOVisitFreq,QID100,SOVisitFreq,exact,,How frequently would you say you visit Stack Overflow?,,MC,SAVR,FALSE,N,categorical,59536,91.0,5,5,"[""A few times per week"", ""Daily or almost daily"", ""A few times per month or weekly"", ""Multiple times per day"", ""Less than once per month or monthly""]",
SOAccount,SOAccount,QID101,SOAccount,exact,,Do you have a Stack Overflow account?,,MC,SAVR,FALSE,N,categorical,59560,91.0,3,3,"[""Yes"", ""No"", ""Not sure/can't remember""]",
SOPartFreq,SOPartFreq,QID102,SOPartFreq,exact,,"How frequently would you say you participate in Q&amp;A on Stack Overflow? By participate we mean ask, answer, vote for, or comment on questions.",,MC,SAVR,FALSE,N,categorical,45237,69.1,6,6,"[""Less than once per month or monthly"", ""I have never participated in Q&A on Stack Overflow"", ""A few times per month or weekly"", ""A few times per week"", ""Daily or almost daily"", ""Multiple times per day""]",
SOHow,SOHow,QID334,SOHow,exact,,How do you use Stack Overflow?  Select all that apply.,,MC,MAVR,FALSE,Y,multiselect,58962,90.1,111,7,"[""Quickly finding code solutions"", ""Finding reliable guidance from community-vetted answers"", ""Learning new-to-me technology/techniques"", ""Engage with community by commenting on questions and answers or voting on questions and answers"", ""Showcase expertise with code solutions"", ""Learning new-to-everyone technology/techniques"", ""Other (please specify):""]",
SOComm,SOComm,QID106,SOComm,exact,,Do you consider yourself a member of the Stack Overflow community?,,MC,SAVR,FALSE,N,categorical,59163,90.4,6,6,"[""No, not really"", ""Yes, somewhat"", ""Neutral"", ""No, not at all"", ""Yes, definitely"", ""Not sure""]",
AISelect,AISelect,QID314,AISelect,exact,,Do you currently use AI tools in your development process? *,,MC,SAVR,TRUE,N,categorical,60907,93.1,3,3,"[""Yes"", ""No, and I don't plan to"", ""No, but I plan to soon""]",
AISent,AISent,QID315,AISent,exact,,How favorable is your stance on using AI tools as part of your development workflow?,,MC,SAVR,FALSE,N,categorical,45873,70.1,6,6,"[""Favorable"", ""Very favorable"", ""Indifferent"", ""Unfavorable"", ""Unsure"", ""Very unfavorable""]",
AIBen,AIBen,QID324,AIBen,exact,,"For the AI tools you use as part of your development workflow, what are the MOST important benefits you are hoping to achieve? Please check all that apply.",,MC,MAVR,FALSE,Y,multiselect,36894,56.4,113,7,"[""Increase productivity"", ""Speed up learning"", ""Greater efficiency"", ""Improve accuracy in coding"", ""Make workload more manageable"", ""Improve collaboration"", ""Other (please specify):""]",
AIAcc,AIAcc,QID316,AIAcc,exact,,How much do you trust the accuracy of the output from AI tools as part of your development workflow?,,MC,SAVR,FALSE,N,categorical,37302,57.0,5,5,"[""Somewhat trust"", ""Neither trust nor distrust"", ""Somewhat distrust"", ""Highly distrust"", ""Highly trust""]",
AIComplex,AIComplex,QID343,AIComplex,exact,,How well do the AI tools you use in your development workflow handle complex tasks?,,MC,SAVR,FALSE,N,categorical,37021,56.6,5,5,"[""Good, but not great at handling complex tasks"", ""Bad at handling complex tasks"", ""Neither good or bad at handling complex tasks"", ""Very poor at handling complex tasks"", ""Very well at handling complex tasks""]",
AIToolCurrently Using,AIToolCurrentlyUsing,QID319,AITool,prefix,Currently Using,Which parts of your development workflow are you currently using AI tools for and which are you interested in using AI tools for over the next year?  Please select all that apply.,,Matrix,Likert,FALSE,Y,multiselect,35072,53.6,1310,12,"[""Writing code"", ""Search for answers"", ""Debugging and getting help"", ""Documenting code"", ""Generating content or synthetic data"", ""Learning about a codebase"", ""Testing code"", ""Committing and reviewing code"", ""Project planning"", ""Predictive analytics"", ""Deployment and monitoring"", ""Other (please specify):""]",행렬형 문항이 펼쳐진 컬럼 — question은 문항 줄기.
AIToolInterested in Using,AIToolInterestedInUsing,QID319,AITool,prefix,Interested in Using,Which parts of your development workflow are you currently using AI tools for and which are you interested in using AI tools for over the next year?  Please select all that apply.,,Matrix,Likert,FALSE,Y,multiselect,30691,46.9,1949,12,"[""Testing code"", ""Committing and reviewing code"", ""Learning about a codebase"", ""Predictive analytics"", ""Deployment and monitoring"", ""Documenting code"", ""Generating content or synthetic data"", ""Project planning"", ""Debugging and getting help"", ""Search for answers"", ""Writing code"", ""Other (please specify):""]",행렬형 문항이 펼쳐진 컬럼 — question은 문항 줄기.
AIToolNot interested in Using,AIToolNotInterestedInUsing,QID319,AITool,prefix,Not interested in Using,Which parts of your development workflow are you currently using AI tools for and which are you interested in using AI tools for over the next year?  Please select all that apply.,,Matrix,Likert,FALSE,Y,multiselect,24414,37.3,1531,12,"[""Project planning"", ""Deployment and monitoring"", ""Predictive analytics"", ""Committing and reviewing code"", ""Learning about a codebase"", ""Generating content or synthetic data"", ""Testing code"", ""Documenting code"", ""Debugging and getting help"", ""Search for answers"", ""Writing code"", ""Other (please specify):""]",행렬형 문항이 펼쳐진 컬럼 — question은 문항 줄기.
AINextMuch more integrated,AINextMuchMoreIntegrated,QID320,AINext,prefix,Much more integrated,"Thinking about how your job and process changes over time, how integrated in your workflow do you anticipate AI tools you are currently using will be 1 year from now?",,Matrix,Likert,FALSE,Y,multiselect,13438,20.5,700,12,"[""Search for answers"", ""Writing code"", ""Debugging and getting help"", ""Documenting code"", ""Generating content or synthetic data"", ""Testing code"", ""Learning about a codebase"", ""Committing and reviewing code"", ""Project planning"", ""Predictive analytics"", ""Deployment and monitoring"", ""Other (please specify):""]",행렬형 문항이 펼쳐진 컬럼 — question은 문항 줄기.
AINextNo change,AINextNoChange,QID320,AINext,prefix,No change,"Thinking about how your job and process changes over time, how integrated in your workflow do you anticipate AI tools you are currently using will be 1 year from now?",,Matrix,Likert,FALSE,Y,multiselect,12498,19.1,539,12,"[""Writing code"", ""Search for answers"", ""Debugging and getting help"", ""Generating content or synthetic data"", ""Documenting code"", ""Learning about a codebase"", ""Testing code"", ""Project planning"", ""Committing and reviewing code"", ""Predictive analytics"", ""Deployment and monitoring"", ""Other (please specify):""]",행렬형 문항이 펼쳐진 컬럼 — question은 문항 줄기.
AINextMore integrated,AINextMoreIntegrated,QID320,AINext,prefix,More integrated,"Thinking about how your job and process changes over time, how integrated in your workflow do you anticipate AI tools you are currently using will be 1 year from now?",,Matrix,Likert,FALSE,Y,multiselect,24428,37.3,884,12,"[""Writing code"", ""Search for answers"", ""Debugging and getting help"", ""Documenting code"", ""Learning about a codebase"", ""Generating content or synthetic data"", ""Testing code"", ""Committing and reviewing code"", ""Project planning"", ""Predictive analytics"", ""Deployment and monitoring"", ""Other (please specify):""]",행렬형 문항이 펼쳐진 컬럼 — question은 문항 줄기.
AINextLess integrated,AINextLessIntegrated,QID320,AINext,prefix,Less integrated,"Thinking about how your job and process changes over time, how integrated in your workflow do you anticipate AI tools you are currently using will be 1 year from now?",,Matrix,Likert,FALSE,Y,multiselect,2355,3.6,249,12,"[""Writing code"", ""Debugging and getting help"", ""Search for answers"", ""Learning about a codebase"", ""Documenting code"", ""Generating content or synthetic data"", ""Testing code"", ""Project planning"", ""Committing and reviewing code"", ""Deployment and monitoring"", ""Predictive analytics"", ""Other (please specify):""]",행렬형 문항이 펼쳐진 컬럼 — question은 문항 줄기.
AINextMuch less integrated,AINextMuchLessIntegrated,QID320,AINext,prefix,Much less integrated,"Thinking about how your job and process changes over time, how integrated in your workflow do you anticipate AI tools you are currently using will be 1 year from now?",,Matrix,Likert,FALSE,Y,multiselect,1148,1.8,286,12,"[""Writing code"", ""Search for answers"", ""Learning about a codebase"", ""Debugging and getting help"", ""Documenting code"", ""Generating content or synthetic data"", ""Testing code"", ""Project planning"", ""Committing and reviewing code"", ""Deployment and monitoring"", ""Predictive analytics"", ""Other (please specify):""]",행렬형 문항이 펼쳐진 컬럼 — question은 문항 줄기.
AIThreat,AIThreat,QID338,AIThreat,exact,,Do you believe AI is a threat to your current job?,,MC,SAVR,FALSE,N,categorical,44689,68.3,3,3,"[""No"", ""I'm not sure"", ""Yes""]",
AIEthics,AIEthics,QID339,AIEthics,exact,,Which AI ethical responsibilities are most important to you?  Select all that apply.,,MC,MAVR,FALSE,Y,multiselect,41548,63.5,126,7,"[""Circulating misinformation or disinformation"", ""Missing or incorrect attribution for sources of data"", ""Biased results that do not represent diverse viewpoints"", ""Imitating a person's likeness"", ""Energy demand"", ""Replacing jobs without options for new employment opportunities"", ""Other (please specify):""]",
AIChallenges,AIChallenges,QID346,AIChallenges,exact,,What are the challenges to your company/whole team using AI code assistants or GenAI tools? Select all that apply.,,MC,MAVR,FALSE,Y,multiselect,37531,57.4,232,8,"[""Don’t trust the output or answers"", ""AI tools lack context of codebase,  internal architecture, and/or company knowledge"", ""We don’t have the right policies in place to reduce security risks"", ""Lack of proper training and education on new tools"", ""Not everyone uses them"", ""They create more work (more code/PRs to review, etc.)"", ""Lack of executive buy-in"", ""Other (please specify):""]",
TBranch,TBranch,QID299,TBranch,exact,,"<span style=""font-size:16px;"">Would you like to participate in the Professional Developer Series? *</span>",,MC,SAVR,TRUE,N,categorical,44477,68.0,2,2,"[""Yes"", ""No""]",
ICorPM,ICorPM,QID287,ICorPM,exact,,Are you an individual contributor or people manager?,,MC,SAVR,FALSE,N,categorical,29801,45.5,2,2,"[""Individual contributor"", ""People manager""]",
WorkExp,WorkExp,QID288,WorkExp,exact,,How many years of working experience do you have?,,Slider,HSLIDER,FALSE,N,numeric,29658,45.3,51,51,"[""3"", ""5"", ""10"", ""2"", ""4"", ""6"", ""7"", ""8"", ""1"", ""15"", ""12"", ""20"", ""9"", ""11"", ""25"", ""13"", ""14"", ""16"", ""17"", ""18"", ""30"", ""24"", ""19"", ""22"", ""23"", ""26"", ""21"", ""27"", ""35"", ""28"", ""0"", ""40"", ""29"", ""32"", ""33"", ""36"", ""34"", ""31"", ""37"", ""38"", ""50"", ""42"", ""45"", ""39"", ""41"", ""43"", ""44"", ""46"", ""48"", ""47"", ""49""]",
Knowledge_1,Knowledge_1,QID289,Knowledge_1,exact,,I have interactions with people outside of my immediate team.,Please rate your level of agreement with the following statement:,MC,MAVR,NA,N,categorical,28664,43.8,5,5,"[""Agree"", ""Strongly agree"", ""Neither agree nor disagree"", ""Disagree"", ""Strongly disagree""]",
Knowledge_2,Knowledge_2,QID289,Knowledge_2,exact,,"Knowledge silos prevent me from getting ideas across the organization (i.e., one individual or team has information that isn't shared with others)",Please rate your level of agreement with the following statement:,MC,MAVR,NA,N,categorical,28021,42.8,5,5,"[""Agree"", ""Neither agree nor disagree"", ""Disagree"", ""Strongly agree"", ""Strongly disagree""]",
Knowledge_3,Knowledge_3,QID289,Knowledge_3,exact,,I can find up-to-date information within my organization to help me do my job.,Please rate your level of agreement with the following statement:,MC,MAVR,NA,N,categorical,28095,42.9,5,5,"[""Agree"", ""Neither agree nor disagree"", ""Disagree"", ""Strongly agree"", ""Strongly disagree""]",
Knowledge_4,Knowledge_4,QID289,Knowledge_4,exact,,I am able to quickly find answers to my questions with existing tools and resources.,Please rate your level of agreement with the following statement:,MC,MAVR,NA,N,categorical,28030,42.8,5,5,"[""Agree"", ""Neither agree nor disagree"", ""Disagree"", ""Strongly agree"", ""Strongly disagree""]",
Knowledge_5,Knowledge_5,QID289,Knowledge_5,exact,,I know which system or resource to use to find information and answers to questions I have.,Please rate your level of agreement with the following statement:,MC,MAVR,NA,N,categorical,27880,42.6,5,5,"[""Agree"", ""Neither agree nor disagree"", ""Strongly agree"", ""Disagree"", ""Strongly disagree""]",
Knowledge_6,Knowledge_6,QID289,Knowledge_6,exact,,I often find myself answering questions that I’ve already answered before.,Please rate your level of agreement with the following statement:,MC,MAVR,NA,N,categorical,27864,42.6,5,5,"[""Agree"", ""Neither agree nor disagree"", ""Disagree"", ""Strongly agree"", ""Strongly disagree""]",
Knowledge_7,Knowledge_7,QID289,Knowledge_7,exact,,Waiting on answers to questions often causes interruptions and disrupts my workflow.,Please rate your level of agreement with the following statement:,MC,MAVR,NA,N,categorical,27778,42.4,5,5,"[""Agree"", ""Neither agree nor disagree"", ""Disagree"", ""Strongly agree"", ""Strongly disagree""]",
Knowledge_8,Knowledge_8,QID289,Knowledge_8,exact,,I feel like I have the tools and/or resources to quickly understand and work on any area of my company's code/system/platform.,Please rate your level of agreement with the following statement:,MC,MAVR,NA,N,categorical,27758,42.4,5,5,"[""Agree"", ""Neither agree nor disagree"", ""Disagree"", ""Strongly agree"", ""Strongly disagree""]",
Knowledge_9,Knowledge_9,QID289,Knowledge_9,exact,,I have asked my employer to reimburse me for tools or a product that helps me do my job better or faster,Please rate your level of agreement with the following statement:,MC,MAVR,NA,N,categorical,27635,42.2,5,5,"[""Agree"", ""Strongly disagree"", ""Neither agree nor disagree"", ""Disagree"", ""Strongly agree""]",
Frequency_1,Frequency_1,QID290,Frequency_1,exact,,Needing help from people outside of your immediate team?,How frequently do you experience each of the following?,MC,MAVR,NA,N,categorical,28369,43.4,5,5,"[""1-2 times a week"", ""Never"", ""3-5 times a week"", ""6-10 times a week"", ""10+ times a week""]",
Frequency_2,Frequency_2,QID290,Frequency_2,exact,,Interacting with people outside of your immediate team?,How frequently do you experience each of the following?,MC,MAVR,NA,N,categorical,28364,43.3,5,5,"[""1-2 times a week"", ""3-5 times a week"", ""10+ times a week"", ""6-10 times a week"", ""Never""]",
Frequency_3,Frequency_3,QID290,Frequency_3,exact,,Encountering knowledge silos (where one individual or team has information that's not shared or distributed with other individuals or teams) at work?,How frequently do you experience each of the following?,MC,MAVR,NA,N,categorical,27710,42.3,5,5,"[""1-2 times a week"", ""Never"", ""3-5 times a week"", ""6-10 times a week"", ""10+ times a week""]",
TimeSearching,TimeSearching,QID291,TimeSearching,exact,,"On an average day, how much time do you typically spend searching for answers or solutions to problems you encounter at work? (This includes time spent searching on your own, asking a colleague, and waiting for a response).",,MC,SAVR,FALSE,N,categorical,28911,44.2,5,5,"[""30-60 minutes a day"", ""15-30 minutes a day"", ""60-120 minutes a day"", ""Less than 15 minutes a day"", ""Over 120 minutes a day""]",
TimeAnswering,TimeAnswering,QID292,TimeAnswering,exact,,"On an average day, how much time do you typically spend answering questions you get asked at work?",,MC,SAVR,FALSE,N,categorical,28844,44.1,5,5,"[""15-30 minutes a day"", ""30-60 minutes a day"", ""Less than 15 minutes a day"", ""60-120 minutes a day"", ""Over 120 minutes a day""]",
Frustration,Frustration,QID342,Frustration,exact,,Which of these company challenges causes you the most frustration? Select all that apply.,,MC,MAVR,FALSE,Y,multiselect,28251,43.2,954,11,"[""Amount of technical debt"", ""Complexity of tech stack for build"", ""Complexity of tech stack for deployment"", ""Reliability of tools/systems used in work"", ""Tracking my work"", ""Patching/updating core components"", ""Number of software tools in use"", ""Showing my contributions"", ""Maintaining security of code being produced"", ""Maintaining security of systems/platforms used in work"", ""None of these""]",
ProfessionalTech,ProfessionalTech,QID304,ProfessionalTech,exact,,My company has:,,MC,MAVR,FALSE,Y,multiselect,27764,42.4,514,10,"[""Continuous integration (CI) and (more often) continuous delivery"", ""DevOps function"", ""Automated testing"", ""Microservices"", ""Knowledge sharing community"", ""Observability tools"", ""AI-assisted technology tool(s)"", ""Developer portal or other central places to find tools/services"", ""Innersource initiative"", ""None of these""]",
ProfessionalCloud,ProfessionalCloud,QID332,ProfessionalCloud,exact,,"At my company, our applications, databases and services are hosted:",,MC,SAVR,FALSE,N,categorical,28491,43.5,3,3,"[""Hybrid (on-prem and cloud)"", ""Cloud only (single or multi-cloud)"", ""On-prem""]",
ProfessionalQuestion,ProfessionalQuestion,QID333,ProfessionalQuestion,exact,,"When you have a technical question at work, where do you first go to get an answer?",,MC,SAVR,FALSE,N,categorical,28807,44.0,9,9,"[""Traditional public search engine"", ""A coworker"", ""AI-powered search (free)"", ""AI-powered search (paid)"", ""Slack search"", ""Do search of internal share drives/storage locations for documentation (i.e., not a structured knowledge base)"", ""Internal Developer portal"", ""Other:"", ""Microsoft Teams search""]",
Industry,Industry,QID326,Industry,exact,,What industry is the company you work for in?,,MC,SAVR,FALSE,N,categorical,28858,44.1,15,15,"[""Software Development"", ""Other:"", ""Fintech"", ""Internet, Telecomm or Information Services"", ""Banking/Financial Services"", ""Healthcare"", ""Manufacturing"", ""Retail and Consumer Services"", ""Government"", ""Media & Advertising Services"", ""Higher Education"", ""Transportation, or Supply Chain"", ""Computer Systems Design and Services"", ""Energy"", ""Insurance""]",
JobSatPoints_1,JobSatPoints_1,QID337,JobSatPoints_1,exact,,Driving strategy for my team,Assign points to the following attributes of your job according to those that contribute the most to your satisfaction out of 100 total points:,MC,MAVR,NA,N,numeric,29324,44.8,91,91,"[""0"", ""10"", ""20"", ""5"", ""30"", ""15"", ""50"", ""25"", ""80"", ""100"", ""40"", ""90"", ""70"", ""60"", ""8"", ""7"", ""35"", ""75"", ""1"", ""2"", ""9"", ""6"", ""3"", ""4"", ""12"", ""85"", ""45"", ""95"", ""33"", ""11"", ""13"", ""65"", ""18"", ""14"", ""22"", ""55"", ""16"", ""17"", ""19"", ""99"", ""23"", ""34"", ""24"", ""32"", ""28"", ""88"", ""78"", ""98"", ""12.5"", ""79"", ""76"", ""68"", ""56"", ""69"", ""89"", ""87"", ""26"", ""38"", ""21"", ""66"", ""86"", ""37"", ""49"", ""44"", ""31"", ""81"", ""27"", ""96"", ""77"", ""29"", ""97"", ""71"", ""67"", ""36"", ""43"", ""74"", ""63"", ""3.75"", ""83"", ""91"", ""57"", ""37.5"", ""47"", ""8.5"", ""7.5"", ""61"", ""39"", ""2.5"", ""13.5"", ""18.75"", ""52""]",
JobSatPoints_4,JobSatPoints_4,QID337,JobSatPoints_4,exact,,Contributing to open source,Assign points to the following attributes of your job according to those that contribute the most to your satisfaction out of 100 total points:,MC,MAVR,NA,N,numeric,29393,44.9,72,72,"[""0"", ""10"", ""5"", ""20"", ""50"", ""30"", ""15"", ""100"", ""2"", ""1"", ""40"", ""25"", ""80"", ""70"", ""60"", ""90"", ""3"", ""8"", ""4"", ""6"", ""7"", ""75"", ""12"", ""35"", ""9"", ""11"", ""13"", ""95"", ""14"", ""45"", ""85"", ""18"", ""17"", ""23"", ""99"", ""55"", ""65"", ""33"", ""22"", ""24"", ""19"", ""16"", ""89"", ""34"", ""32"", ""21"", ""26"", ""56"", ""51"", ""88"", ""77"", ""98"", ""69"", ""44"", ""49"", ""67"", ""79"", ""27"", ""9.5"", ""87"", ""28"", ""12.5"", ""63"", ""3.75"", ""92"", ""76"", ""86"", ""66"", ""94"", ""52"", ""68"", ""2.5""]",
JobSatPoints_5,JobSatPoints_5,QID337,JobSatPoints_5,exact,,Securing data and environments,Assign points to the following attributes of your job according to those that contribute the most to your satisfaction out of 100 total points:,MC,MAVR,NA,N,numeric,29411,44.9,78,78,"[""0"", ""10"", ""5"", ""20"", ""50"", ""15"", ""100"", ""80"", ""30"", ""70"", ""90"", ""60"", ""2"", ""40"", ""8"", ""1"", ""7"", ""25"", ""3"", ""6"", ""4"", ""9"", ""75"", ""12"", ""11"", ""85"", ""95"", ""35"", ""65"", ""99"", ""13"", ""16"", ""14"", ""18"", ""22"", ""33"", ""45"", ""98"", ""17"", ""66"", ""89"", ""55"", ""23"", ""21"", ""19"", ""12.5"", ""69"", ""74"", ""78"", ""77"", ""24"", ""32"", ""56"", ""88"", ""27"", ""3.75"", ""57"", ""91"", ""97"", ""86"", ""76"", ""84"", ""63"", ""39"", ""96"", ""73"", ""8.5"", ""67"", ""3.125"", ""87"", ""7.5"", ""34"", ""36"", ""44"", ""9.5"", ""26"", ""68"", ""64""]",
JobSatPoints_6,JobSatPoints_6,QID337,JobSatPoints_6,exact,,Improving quality of code and developer environments,Assign points to the following attributes of your job according to those that contribute the most to your satisfaction out of 100 total points:,MC,MAVR,NA,N,numeric,29450,45.0,93,93,"[""0"", ""20"", ""10"", ""30"", ""15"", ""25"", ""50"", ""40"", ""100"", ""80"", ""5"", ""90"", ""60"", ""70"", ""35"", ""8"", ""75"", ""7"", ""9"", ""12"", ""45"", ""95"", ""85"", ""18"", ""6"", ""33"", ""2"", ""17"", ""65"", ""1"", ""13"", ""3"", ""16"", ""11"", ""22"", ""14"", ""55"", ""4"", ""23"", ""99"", ""19"", ""28"", ""34"", ""24"", ""21"", ""27"", ""26"", ""29"", ""78"", ""32"", ""88"", ""12.5"", ""87"", ""98"", ""77"", ""89"", ""37"", ""36"", ""86"", ""56"", ""31"", ""81"", ""68"", ""43"", ""97"", ""67"", ""76"", ""33.3"", ""69"", ""66"", ""61"", ""52"", ""64"", ""17.5"", ""33.33"", ""54"", ""57"", ""91"", ""51"", ""41"", ""82"", ""63"", ""39"", ""94"", ""42"", ""96"", ""73"", ""44"", ""74"", ""46"", ""49"", ""6.25"", ""48""]",
JobSatPoints_7,JobSatPoints_7,QID337,JobSatPoints_7,exact,,"Learning and using new technology, including platforms, APIs and libraries",Assign points to the following attributes of your job according to those that contribute the most to your satisfaction out of 100 total points:,MC,MAVR,NA,N,numeric,29448,45.0,91,91,"[""0"", ""20"", ""10"", ""30"", ""15"", ""25"", ""5"", ""50"", ""100"", ""40"", ""80"", ""90"", ""70"", ""60"", ""35"", ""8"", ""75"", ""9"", ""7"", ""12"", ""85"", ""95"", ""18"", ""33"", ""45"", ""6"", ""1"", ""3"", ""4"", ""13"", ""14"", ""17"", ""2"", ""16"", ""65"", ""11"", ""22"", ""55"", ""99"", ""23"", ""19"", ""24"", ""27"", ""26"", ""28"", ""21"", ""34"", ""32"", ""98"", ""89"", ""44"", ""37"", ""12.5"", ""29"", ""92"", ""87"", ""88"", ""56"", ""91"", ""69"", ""68"", ""31"", ""48"", ""46"", ""39"", ""97"", ""78"", ""33.3"", ""36"", ""54"", ""72"", ""38"", ""82"", ""42"", ""17.5"", ""18.5"", ""94"", ""83"", ""61"", ""3.125"", ""33.33"", ""96"", ""73"", ""77"", ""51"", ""93"", ""81"", ""18.75"", ""86"", ""49"", ""67""]",
JobSatPoints_8,JobSatPoints_8,QID337,JobSatPoints_8,exact,,"Designing and building environments, databases, and all things architecture",Assign points to the following attributes of your job according to those that contribute the most to your satisfaction out of 100 total points:,MC,MAVR,NA,N,numeric,29456,45.0,89,89,"[""0"", ""20"", ""10"", ""30"", ""15"", ""5"", ""25"", ""50"", ""100"", ""40"", ""80"", ""90"", ""70"", ""60"", ""35"", ""8"", ""7"", ""75"", ""12"", ""9"", ""2"", ""1"", ""95"", ""6"", ""3"", ""18"", ""4"", ""45"", ""85"", ""33"", ""14"", ""11"", ""17"", ""16"", ""65"", ""22"", ""13"", ""99"", ""23"", ""55"", ""34"", ""24"", ""28"", ""27"", ""19"", ""29"", ""77"", ""66"", ""21"", ""12.5"", ""88"", ""67"", ""98"", ""42"", ""26"", ""38"", ""89"", ""69"", ""79"", ""62"", ""97"", ""68"", ""49"", ""76"", ""32"", ""44"", ""37"", ""78"", ""57"", ""83"", ""43"", ""87"", ""33.33"", ""33.3"", ""84"", ""92"", ""7.5"", ""86"", ""58"", ""67.5"", ""93"", ""47"", ""59"", ""56"", ""31"", ""94"", ""39"", ""53"", ""36""]",
JobSatPoints_9,JobSatPoints_9,QID337,JobSatPoints_9,exact,,"Being a power user of a tool, developer language or process that others come to for answers and guidance about",Assign points to the following attributes of your job according to those that contribute the most to your satisfaction out of 100 total points:,MC,MAVR,NA,N,numeric,29456,45.0,85,85,"[""0"", ""10"", ""20"", ""5"", ""15"", ""30"", ""50"", ""100"", ""25"", ""80"", ""40"", ""70"", ""90"", ""60"", ""8"", ""7"", ""2"", ""9"", ""75"", ""3"", ""1"", ""35"", ""6"", ""12"", ""95"", ""4"", ""85"", ""18"", ""11"", ""13"", ""45"", ""65"", ""14"", ""17"", ""55"", ""16"", ""22"", ""33"", ""99"", ""23"", ""19"", ""34"", ""88"", ""24"", ""98"", ""21"", ""26"", ""67"", ""32"", ""12.5"", ""69"", ""89"", ""76"", ""28"", ""92"", ""66"", ""77"", ""27"", ""31"", ""29"", ""2.5"", ""71"", ""68"", ""44"", ""37"", ""91"", ""82"", ""97"", ""42"", ""59"", ""56"", ""6.5"", ""86"", ""6.25"", ""58"", ""87"", ""79"", ""14.5"", ""3.75"", ""93"", ""81"", ""1.5"", ""9.5"", ""53"", ""33.3""]",
JobSatPoints_10,JobSatPoints_10,QID337,JobSatPoints_10,exact,,Working with new and/or top-quality hardware,Assign points to the following attributes of your job according to those that contribute the most to your satisfaction out of 100 total points:,MC,MAVR,NA,N,numeric,29450,45.0,75,75,"[""0"", ""10"", ""5"", ""20"", ""100"", ""15"", ""50"", ""30"", ""80"", ""90"", ""70"", ""60"", ""40"", ""1"", ""25"", ""2"", ""8"", ""3"", ""7"", ""9"", ""6"", ""75"", ""4"", ""12"", ""85"", ""95"", ""11"", ""65"", ""35"", ""14"", ""16"", ""13"", ""99"", ""18"", ""17"", ""55"", ""33"", ""45"", ""69"", ""88"", ""19"", ""22"", ""23"", ""89"", ""98"", ""12.5"", ""21"", ""77"", ""78"", ""87"", ""54"", ""66"", ""92"", ""67"", ""96"", ""93"", ""57"", ""81"", ""26"", ""82"", ""28"", ""84"", ""6.25"", ""63"", ""14.5"", ""43"", ""97"", ""79"", ""32"", ""49"", ""34"", ""94"", ""24"", ""1.5"", ""74""]",
JobSatPoints_11,JobSatPoints_11,QID337,JobSatPoints_11,exact,,A well-staffed/sourced internal network that makes observability easy so network or runtime issues are addressed and fixed easily,Assign points to the following attributes of your job according to those that contribute the most to your satisfaction out of 100 total points:,MC,MAVR,NA,N,numeric,29445,45.0,79,79,"[""0"", ""10"", ""5"", ""20"", ""50"", ""15"", ""100"", ""30"", ""80"", ""60"", ""90"", ""70"", ""40"", ""1"", ""8"", ""2"", ""25"", ""3"", ""7"", ""6"", ""9"", ""4"", ""75"", ""12"", ""11"", ""85"", ""95"", ""35"", ""14"", ""65"", ""13"", ""45"", ""18"", ""16"", ""55"", ""17"", ""99"", ""22"", ""66"", ""19"", ""89"", ""98"", ""88"", ""24"", ""32"", ""67"", ""77"", ""34"", ""76"", ""12.5"", ""97"", ""33"", ""29"", ""78"", ""21"", ""42"", ""94"", ""44"", ""86"", ""79"", ""87"", ""64"", ""69"", ""84"", ""68"", ""31"", ""53"", ""37"", ""36"", ""28"", ""54"", ""7.5"", ""26"", ""71"", ""96"", ""37.5"", ""73"", ""59"", ""49""]",
SurveyLength,SurveyLength,QID132,SurveyLength,exact,,How do you feel about the length of the survey this year?,,MC,MAVR,FALSE,N,categorical,56182,85.9,3,3,"[""Appropriate in length"", ""Too long"", ""Too short""]",
SurveyEase,SurveyEase,QID133,SurveyEase,exact,,How easy or difficult was this survey to complete?,,MC,MAVR,FALSE,N,categorical,56238,85.9,3,3,"[""Easy"", ""Neither easy nor difficult"", ""Difficult""]",
ConvertedCompYearly,ConvertedCompYearly,,,unmatched,,,,,,,N,numeric,23435,35.8,6113,6113,,CompTotal+Currency를 SO가 USD 연봉으로 환산한 파생 컬럼. 설문 문항 아님. 환율 기준일은 미공개.
JobSat,JobSat,QID336,JobSat,exact,,How satisfied are you in your current professional developer role?,,MC,NPS,FALSE,N,numeric,29126,44.5,11,11,"[""8"", ""7"", ""6"", ""9"", ""10"", ""5"", ""3"", ""4"", ""2"", ""0"", ""1""]",
,AgeNum,,Age,derived,,Age 를 순서형 숫자로 인코딩한 파생 컬럼 (전처리 1단계에서 생성),,,,,,numeric,,,,,,
,EdLevelNum,,EdLevel,derived,,EdLevel 를 순서형 숫자로 인코딩한 파생 컬럼 (전처리 1단계에서 생성),,,,,,numeric,,,,,,
,OrgSizeNum,,OrgSize,derived,,OrgSize 를 순서형 숫자로 인코딩한 파생 컬럼 (전처리 1단계에서 생성),,,,,,numeric,,,,,,
,SOVisitFreqNum,,SOVisitFreq,derived,,SOVisitFreq 를 순서형 숫자로 인코딩한 파생 컬럼 (전처리 1단계에서 생성),,,,,,numeric,,,,,,
